{
  "train_loss": [
    5.066184656348771,
    3.7340902511231198,
    3.1602008028658566,
    2.8465711713551047,
    2.6364598416996574,
    2.474805756243403,
    2.344541883040331,
    2.2442131170969524,
    2.149395632172773,
    2.073950322088367,
    1.999811414473071,
    1.932786383314761,
    1.864984191106465,
    1.8178587316752908,
    1.7557321790449634,
    1.708610431876725,
    1.65586842890985,
    1.6180057083061354,
    1.5748272270499588,
    1.5332609436469165,
    1.492957363228598,
    1.454071538177079,
    1.4167132434730758,
    1.3823064754823011,
    1.35539777300315,
    1.3210894379787101,
    1.2940004771341107,
    1.263591792769061,
    1.2384494750085706,
    1.2056439072785976
  ],
  "val_loss": [
    4.2830306616696445,
    3.40680852803317,
    3.024527137929743,
    2.775078296661377,
    2.6110094677318227,
    2.4766873879866167,
    2.3829015385020864,
    2.308535023169084,
    2.241728815165433,
    2.1920996362512764,
    2.143933567133817,
    2.103775674646551,
    2.077453515746377,
    2.042915474284779,
    2.0212112123315986,
    1.994389696554704,
    1.9780126376585527,
    1.9702590378847988,
    1.9491476687518032,
    1.9442397139289163,
    1.931125131520358,
    1.9292457537217573,
    1.9238666729493574,
    1.9172616546804255,
    1.9112315069545398,
    1.9158759767358953,
    1.91431171243841,
    1.9152802662415938,
    1.910618164322593,
    1.9141930016604336
  ]
}